{"cameraMode":{"drawMode":0,"name":"Shaded","section":"Shading Mode"},"sceneLighting":true,"audioPlay":false,"sceneViewState":{"showFog":true,"showMaterialUpdate":false,"showSkybox":false,"showFlares":true,"showImageEffects":true,"showParticleSystems":true},"in2DMode":false,"pivot":{"x":0.3781889081001282,"y":8.262481689453125,"z":-7.2811055183410648},"rotation":{"x":-0.25332534313201907,"y":0.37927886843681338,"z":-0.10877977311611176,"w":-0.883263885974884},"size":2.8578836917877199,"orthographic":false}